query,nct_id
already having Celiac Disease_page_rank.csv,NCT02389062
already having Celiac Disease_page_rank.csv,NCT02344758
already having Celiac Disease_page_rank.csv,NCT02072590
already having Celiac Disease_page_rank.csv,NCT03664531
already having Celiac Disease_page_rank.csv,NCT00167700
antiretroviral therapy first time_pageRank.csv,NCT00400738
antiretroviral therapy first time_pageRank.csv,NCT01199939
antiretroviral therapy first time_pageRank.csv,NCT02063880
antiretroviral therapy first time_pageRank.csv,NCT03407105
antiretroviral therapy first time_pageRank.csv,NCT00381303
antiretroviral therapy first time_pageRank.csv,NCT00140751
antiretroviral therapy first time_pageRank.csv,NCT00159224
antiretroviral therapy first time_pageRank.csv,NCT01904994
antiretroviral therapy first time_pageRank.csv,NCT00000877
antiretroviral therapy first time_pageRank.csv,NCT01075152
antiretroviral therapy first time_pageRank.csv,NCT00978237
antiretroviral therapy first time_pageRank.csv,NCT01404312
antiretroviral therapy first time_pageRank.csv,NCT00811954
antiretroviral therapy first time_pageRank.csv,NCT02379949
antiretroviral therapy first time_pageRank.csv,NCT00495326
antiretroviral therapy first time_pageRank.csv,NCT00055120
antiretroviral therapy first time_pageRank.csv,NCT04246983
antiretroviral therapy first time_pageRank.csv,NCT00988780
antiretroviral therapy first time_pageRank.csv,NCT01300481
antiretroviral therapy first time_pageRank.csv,NCT02850276
antiretroviral therapy first time_pageRank.csv,NCT00495651
antiretroviral therapy first time_pageRank.csv,NCT01380080
antiretroviral therapy first time_pageRank.csv,NCT01259219
antiretroviral therapy first time_pageRank.csv,NCT00433030
antiretroviral therapy first time_pageRank.csv,NCT00004978
antiretroviral therapy first time_pageRank.csv,NCT00027352
antiretroviral therapy first time_pageRank.csv,NCT02514356
antiretroviral therapy first time_pageRank.csv,NCT01151189
antiretroviral therapy first time_pageRank.csv,NCT00976404
antiretroviral therapy first time_pageRank.csv,NCT02147405
constipation safe treatments_page_rank.csv,NCT01691742
constipation safe treatments_page_rank.csv,NCT01592734
constipation safe treatments_page_rank.csv,NCT01505777
constipation safe treatments_page_rank.csv,NCT00508482
constipation safe treatments_page_rank.csv,NCT01670669
constipation safe treatments_page_rank.csv,NCT01251822
constipation safe treatments_page_rank.csv,NCT00596596
constipation safe treatments_page_rank.csv,NCT00488137
constipation safe treatments_page_rank.csv,NCT01707667
constipation safe treatments_page_rank.csv,NCT01885104
constipation safe treatments_page_rank.csv,NCT01330381
constipation safe treatments_page_rank.csv,NCT01993940
dietary approaches for obesity treatment_page_rank.csv,NCT01859013
dietary approaches for obesity treatment_page_rank.csv,NCT03449641
dietary approaches for obesity treatment_page_rank.csv,NCT02578199
dietary approaches for obesity treatment_page_rank.csv,NCT03740347
dietary approaches for obesity treatment_page_rank.csv,NCT01405976
dietary approaches for obesity treatment_page_rank.csv,NCT00546728
dietary approaches for obesity treatment_page_rank.csv,NCT01977326
dietary approaches for obesity treatment_page_rank.csv,NCT03146026
dietary approaches for obesity treatment_page_rank.csv,NCT00562263
dietary approaches for obesity treatment_page_rank.csv,NCT00395135
dietary approaches for obesity treatment_page_rank.csv,NCT02169778
dietary approaches for obesity treatment_page_rank.csv,NCT01116856
dietary approaches for obesity treatment_page_rank.csv,NCT00063635
dietary approaches for obesity treatment_page_rank.csv,NCT00414167
dietary approaches for obesity treatment_page_rank.csv,NCT01809990
dietary approaches for obesity treatment_page_rank.csv,NCT00783315
dietary approaches for obesity treatment_page_rank.csv,NCT03821818
dietary approaches for obesity treatment_page_rank.csv,NCT03491930
dietary approaches for obesity treatment_page_rank.csv,NCT02024061
dietary approaches for obesity treatment_page_rank.csv,NCT01010789
dietary approaches for obesity treatment_page_rank.csv,NCT01718483
dietary approaches for obesity treatment_page_rank.csv,NCT00961740
dietary approaches for obesity treatment_page_rank.csv,NCT01231256
dietary approaches for obesity treatment_page_rank.csv,NCT01718509
dietary approaches for obesity treatment_page_rank.csv,NCT01237197
dietary approaches for obesity treatment_page_rank.csv,NCT01771042
dietary approaches for obesity treatment_page_rank.csv,NCT00830440
dietary approaches for obesity treatment_page_rank.csv,NCT03128112
dietary approaches for obesity treatment_page_rank.csv,NCT00928473
dietary approaches for obesity treatment_page_rank.csv,NCT00603291
Dietary Therapy Epilepsies_page_rank.csv,NCT01261325
Dietary Therapy Epilepsies_page_rank.csv,NCT00235755
Dietary Therapy Epilepsies_page_rank.csv,NCT01721213
Dietary Therapy Epilepsies_page_rank.csv,NCT00142805
Dietary Therapy Epilepsies_page_rank.csv,NCT02098941
Dietary Therapy Epilepsies_page_rank.csv,NCT00836836
Dietary Therapy Epilepsies_page_rank.csv,NCT00761774
Dietary Therapy Epilepsies_page_rank.csv,NCT02100501
Dietary Therapy Epilepsies_page_rank.csv,NCT02205931
Dietary Therapy Epilepsies_page_rank.csv,NCT01118962
Dietary Therapy Epilepsies_page_rank.csv,NCT01538355
Early Parkinson disease treatment_page_rank.csv,NCT01971242
Early Parkinson disease treatment_page_rank.csv,NCT00833690
Early Parkinson disease treatment_page_rank.csv,NCT01785628
Early Parkinson disease treatment_page_rank.csv,NCT00866502
Early Parkinson disease treatment_page_rank.csv,NCT01092936
Early Parkinson disease treatment_page_rank.csv,NCT00914095
Early Parkinson disease treatment_page_rank.csv,NCT02583672
Early Parkinson disease treatment_page_rank.csv,NCT00464464
Early Parkinson disease treatment_page_rank.csv,NCT02034357
Early Parkinson disease treatment_page_rank.csv,NCT00782340
Early Parkinson disease treatment_page_rank.csv,NCT01313819
Early Parkinson disease treatment_page_rank.csv,NCT02879136
Early Parkinson disease treatment_page_rank.csv,NCT00449865
Early Parkinson disease treatment_page_rank.csv,NCT00605163
Early Parkinson disease treatment_page_rank.csv,NCT00633880
Early Parkinson disease treatment_page_rank.csv,NCT00724594
Early Parkinson disease treatment_page_rank.csv,NCT00643890
Early Parkinson disease treatment_page_rank.csv,NCT03602014
Early Parkinson disease treatment_page_rank.csv,NCT02111122
Early Parkinson disease treatment_page_rank.csv,NCT02324426
Early Parkinson disease treatment_page_rank.csv,NCT03331822
Early Parkinson disease treatment_page_rank.csv,NCT01280123
haemorrhage cure_page_rank.csv,NCT02753816
haemorrhage cure_page_rank.csv,NCT02577484
haemorrhage cure_page_rank.csv,NCT03784794
haemorrhage cure_page_rank.csv,NCT00803101
haemorrhage cure_page_rank.csv,NCT01659619
haemorrhage cure_page_rank.csv,NCT03795649
haemorrhage cure_page_rank.csv,NCT01456260
haemorrhage cure_page_rank.csv,NCT01169454
haemorrhage cure_page_rank.csv,NCT02686320
haemorrhage cure_page_rank.csv,NCT02270242
haemorrhage cure_page_rank.csv,NCT01993888
haemorrhage cure_page_rank.csv,NCT01041950
haemorrhage cure_page_rank.csv,NCT02442830
haemorrhage cure_page_rank.csv,NCT02311985
haemorrhage cure_page_rank.csv,NCT00809393
haemorrhage cure_page_rank.csv,NCT01382134
haemorrhage cure_page_rank.csv,NCT00872469
haemorrhage cure_page_rank.csv,NCT01452750
haemorrhage cure_page_rank.csv,NCT01253811
haemorrhage cure_page_rank.csv,NCT03846973
haemorrhage cure_page_rank.csv,NCT01282996
haemorrhage cure_page_rank.csv,NCT02104947
haemorrhage cure_page_rank.csv,NCT02020525
haemorrhage cure_page_rank.csv,NCT02446678
haemorrhage cure_page_rank.csv,NCT00908037
haemorrhage cure_page_rank.csv,NCT03069859
haemorrhage cure_page_rank.csv,NCT00908245
haemorrhage cure_page_rank.csv,NCT01326949
haemorrhage cure_page_rank.csv,NCT01166243
haemorrhage cure_page_rank.csv,NCT03856164
haemorrhage cure_page_rank.csv,NCT02303964
HIV infection seronegativity_page_rank.csv,NCT00164736
HIV infection seronegativity_page_rank.csv,NCT01772823
HIV infection seronegativity_page_rank.csv,NCT01034917
HIV infection seronegativity_page_rank.csv,NCT00321061
HIV infection seronegativity_page_rank.csv,NCT03225118
HIV infection seronegativity_page_rank.csv,NCT01909414
HIV infection seronegativity_page_rank.csv,NCT00242957
HIV infection seronegativity_page_rank.csv,NCT00458393
HIV infection seronegativity_page_rank.csv,NCT00903682
HIV infection seronegativity_page_rank.csv,NCT00708110
HIV infection seronegativity_page_rank.csv,NCT03831945
HIV infection seronegativity_page_rank.csv,NCT02463227
HIV infection seronegativity_page_rank.csv,NCT03571204
HIV infection seronegativity_page_rank.csv,NCT00004855
HIV infection seronegativity_page_rank.csv,NCT02411539
HIV infection seronegativity_page_rank.csv,NCT00414518
HIV infection seronegativity_page_rank.csv,NCT00709605
HIV infection seronegativity_page_rank.csv,NCT00001137
HIV infection seronegativity_page_rank.csv,NCT00870363
HIV infection seronegativity_page_rank.csv,NCT02415595
HIV infection seronegativity_page_rank.csv,NCT00038480
HIV infection seronegativity_page_rank.csv,NCT01088295
HIV infection seronegativity_page_rank.csv,NCT01571466
HIV infection seronegativity_page_rank.csv,NCT00307151
HIV infection seronegativity_page_rank.csv,NCT00997607
HIV infection seronegativity_page_rank.csv,NCT00000903
HIV infection seronegativity_page_rank.csv,NCT01751646
HIV infection seronegativity_page_rank.csv,NCT02022657
HIV infection seronegativity_page_rank.csv,NCT01683656
HIV infection seronegativity_page_rank.csv,NCT01923610
HIV infection seronegativity_page_rank.csv,NCT02380391
HIV infection seronegativity_page_rank.csv,NCT01098045
HIV infection seronegativity_page_rank.csv,NCT00867048
HIV infection Treatment naive_page_rank.csv,NCT00708110
HIV infection Treatment naive_page_rank.csv,NCT03571204
HIV infection Treatment naive_page_rank.csv,NCT03831945
HIV infection Treatment naive_page_rank.csv,NCT02463227
HIV infection Treatment naive_page_rank.csv,NCT00307151
HIV infection Treatment naive_page_rank.csv,NCT01683656
HIV infection Treatment naive_page_rank.csv,NCT02411539
HIV infection Treatment naive_page_rank.csv,NCT01034917
HIV infection Treatment naive_page_rank.csv,NCT03225118
HIV infection Treatment naive_page_rank.csv,NCT02415595
HIV infection Treatment naive_page_rank.csv,NCT00038480
HIV infection Treatment naive_page_rank.csv,NCT00903682
HIV infection Treatment naive_page_rank.csv,NCT00867048
Hypercholesterolemia safe treatments_page_rank.csv,NCT03511248
Hypercholesterolemia safe treatments_page_rank.csv,NCT01773512
Hypercholesterolemia safe treatments_page_rank.csv,NCT02230241
Hypercholesterolemia safe treatments_page_rank.csv,NCT00242944
Hypercholesterolemia safe treatments_page_rank.csv,NCT01644188
Hypercholesterolemia safe treatments_page_rank.csv,NCT01187056
Hypercholesterolemia safe treatments_page_rank.csv,NCT03183830
hypertension safe treatments_page_rank.csv,NCT00922311
hypertension safe treatments_page_rank.csv,NCT01588795
hypertension safe treatments_page_rank.csv,NCT00159887
hypertension safe treatments_page_rank.csv,NCT01390727
hypertension safe treatments_page_rank.csv,NCT02272283
hypertension safe treatments_page_rank.csv,NCT01746485
hypertension safe treatments_page_rank.csv,NCT00563901
hypertension safe treatments_page_rank.csv,NCT00638794
hypertension safe treatments_page_rank.csv,NCT00000542
hypertension safe treatments_page_rank.csv,NCT01743001
hypertension safe treatments_page_rank.csv,NCT01808313
hypertension safe treatments_page_rank.csv,NCT01178073
hypertension safe treatments_page_rank.csv,NCT00483808
hypertension safe treatments_page_rank.csv,NCT01581515
hypertension safe treatments_page_rank.csv,NCT00389220
hypertension safe treatments_page_rank.csv,NCT00425997
hypertension safe treatments_page_rank.csv,NCT01570777
hypertension safe treatments_page_rank.csv,NCT00870493
hypertension safe treatments_page_rank.csv,NCT00887978
hypertension safe treatments_page_rank.csv,NCT00746902
hypertension safe treatments_page_rank.csv,NCT01505010
hypertension safe treatments_page_rank.csv,NCT01368614
hypertension safe treatments_page_rank.csv,NCT00554619
hypertension safe treatments_page_rank.csv,NCT01113047
hypertension safe treatments_page_rank.csv,NCT01911897
hypertension safe treatments_page_rank.csv,NCT02900729
hypertension safe treatments_page_rank.csv,NCT01106014
hypertension safe treatments_page_rank.csv,NCT00280540
low back pain therapy workout_pageRank.csv,NCT03221439
low back pain therapy workout_pageRank.csv,NCT01615510
low back pain therapy workout_pageRank.csv,NCT01850875
low back pain therapy workout_pageRank.csv,NCT00600197
low back pain therapy workout_pageRank.csv,NCT03831867
low back pain therapy workout_pageRank.csv,NCT02323412
low back pain therapy workout_pageRank.csv,NCT00371384
low back pain therapy workout_pageRank.csv,NCT04082065
low back pain therapy workout_pageRank.csv,NCT02721914
low back pain therapy workout_pageRank.csv,NCT03962842
low back pain therapy workout_pageRank.csv,NCT01357343
low back pain therapy workout_pageRank.csv,NCT00439764
low back pain therapy workout_pageRank.csv,NCT00566930
low back pain therapy workout_pageRank.csv,NCT01330238
low back pain therapy workout_pageRank.csv,NCT00713843
low back pain therapy workout_pageRank.csv,NCT01719276
low back pain therapy workout_pageRank.csv,NCT01312233
low back pain therapy workout_pageRank.csv,NCT01345409
malnutrition in young children_page_rank.csv,NCT02528279
malnutrition in young children_page_rank.csv,NCT01088958
malnutrition in young children_page_rank.csv,NCT01612429
malnutrition in young children_page_rank.csv,NCT01224535
malnutrition in young children_page_rank.csv,NCT01239693
malnutrition in young children_page_rank.csv,NCT00490022
malnutrition in young children_page_rank.csv,NCT00717730
malnutrition in young children_page_rank.csv,NCT03647150
malnutrition in young children_page_rank.csv,NCT00970866
malnutrition in young children_page_rank.csv,NCT00705445
malnutrition in young children_page_rank.csv,NCT00945698
malnutrition in young children_page_rank.csv,NCT00197548
malnutrition in young children_page_rank.csv,NCT03678233
malnutrition in young children_page_rank.csv,NCT02460848
malnutrition in young children_page_rank.csv,NCT01404195
malnutrition in young children_page_rank.csv,NCT02760095
malnutrition in young children_page_rank.csv,NCT04029532
malnutrition in young children_page_rank.csv,NCT02351661
malnutrition in young children_page_rank.csv,NCT02847962
malnutrition in young children_page_rank.csv,NCT01813851
malnutrition in young children_page_rank.csv,NCT00473031
malnutrition in young children_page_rank.csv,NCT02148679
malnutrition in young children_page_rank.csv,NCT01863394
malnutrition in young children_page_rank.csv,NCT03071666
malnutrition in young children_page_rank.csv,NCT02992639
malnutrition in young children_page_rank.csv,NCT00524446
managing constipation in children_pageRank.csv,NCT02371499
managing constipation in children_pageRank.csv,NCT01543178
managing constipation in children_pageRank.csv,NCT03060512
managing constipation in children_pageRank.csv,NCT03148002
managing constipation in children_pageRank.csv,NCT00903747
managing constipation in children_pageRank.csv,NCT02122471
managing constipation in children_pageRank.csv,NCT01670669
managing constipation in children_pageRank.csv,NCT03639142
managing constipation in children_pageRank.csv,NCT01774877
managing constipation in children_pageRank.csv,NCT03917953
managing constipation in children_pageRank.csv,NCT03941925
managing constipation in children_pageRank.csv,NCT01069783
managing constipation in children_pageRank.csv,NCT02574065
managing constipation in children_pageRank.csv,NCT03434249
managing constipation in children_pageRank.csv,NCT01707667
managing constipation in children_pageRank.csv,NCT02316899
managing constipation in children_pageRank.csv,NCT00513656
managing constipation in children_pageRank.csv,NCT03117322
managing constipation in children_pageRank.csv,NCT01505777
managing constipation in children_pageRank.csv,NCT03391635
managing constipation in children_pageRank.csv,NCT04263896
managing constipation in children_pageRank.csv,NCT00269412
managing constipation in children_pageRank.csv,NCT00401362
Nonvalvular atrial fibrillation_page_rank.csv,NCT01151137
Nonvalvular atrial fibrillation_page_rank.csv,NCT01587404
Nonvalvular atrial fibrillation_page_rank.csv,NCT00251251
Nonvalvular atrial fibrillation_page_rank.csv,NCT00597220
Nonvalvular atrial fibrillation_page_rank.csv,NCT03943966
Nonvalvular atrial fibrillation_page_rank.csv,NCT02348723
Nonvalvular atrial fibrillation_page_rank.csv,NCT01917955
Nonvalvular atrial fibrillation_page_rank.csv,NCT01962545
Nonvalvular atrial fibrillation_page_rank.csv,NCT00170326
Nonvalvular atrial fibrillation_page_rank.csv,NCT02313909
Nonvalvular atrial fibrillation_page_rank.csv,NCT00059306
Nonvalvular atrial fibrillation_page_rank.csv,NCT01185392
Nonvalvular atrial fibrillation_page_rank.csv,NCT01812200
Nonvalvular atrial fibrillation_page_rank.csv,NCT00643188
Nonvalvular atrial fibrillation_page_rank.csv,NCT01863576
Nonvalvular atrial fibrillation_page_rank.csv,NCT00465218
Nonvalvular atrial fibrillation_page_rank.csv,NCT03091972
Nonvalvular atrial fibrillation_page_rank.csv,NCT00530894
Nonvalvular atrial fibrillation_page_rank.csv,NCT02918396
Nonvalvular atrial fibrillation_page_rank.csv,NCT01471795
Nonvalvular atrial fibrillation_page_rank.csv,NCT00047437
Nonvalvular atrial fibrillation_page_rank.csv,NCT01121029
Nonvalvular atrial fibrillation_page_rank.csv,NCT00067093
Nonvalvular atrial fibrillation_page_rank.csv,NCT04038944
Nonvalvular atrial fibrillation_page_rank.csv,NCT04037397
Nonvalvular atrial fibrillation_page_rank.csv,NCT01558765
Nonvalvular atrial fibrillation_page_rank.csv,NCT02217657
Nonvalvular atrial fibrillation_page_rank.csv,NCT02251665
Nonvalvular atrial fibrillation_page_rank.csv,NCT02122484
Nonvalvular atrial fibrillation_page_rank.csv,NCT02758002
Nonvalvular atrial fibrillation_page_rank.csv,NCT02238392
Nonvalvular atrial fibrillation_page_rank.csv,NCT03263702
Nonvalvular atrial fibrillation_page_rank.csv,NCT03004859
Nonvalvular atrial fibrillation_page_rank.csv,NCT01727297
Nonvalvular atrial fibrillation_page_rank.csv,NCT01522651
Nonvalvular atrial fibrillation_page_rank.csv,NCT03377751
Nonvalvular atrial fibrillation_page_rank.csv,NCT02426944
Nonvalvular atrial fibrillation_page_rank.csv,NCT03432663
Nonvalvular atrial fibrillation_page_rank.csv,NCT03334630
Nonvalvular atrial fibrillation_page_rank.csv,NCT00747838
Nonvalvular atrial fibrillation_page_rank.csv,NCT00722319
Nonvalvular atrial fibrillation_page_rank.csv,NCT04216667
Nonvalvular atrial fibrillation_page_rank.csv,NCT02274298
Nonvalvular atrial fibrillation_page_rank.csv,NCT02169037
Nonvalvular atrial fibrillation_page_rank.csv,NCT00986154
Nonvalvular atrial fibrillation_page_rank.csv,NCT01977859
Nonvalvular atrial fibrillation_page_rank.csv,NCT01014741
Nonvalvular atrial fibrillation_page_rank.csv,NCT02623517
Nonvalvular atrial fibrillation_page_rank.csv,NCT01429948
Nonvalvular atrial fibrillation_page_rank.csv,NCT00259428
Nonvalvular atrial fibrillation_page_rank.csv,NCT03124017
Nonvalvular atrial fibrillation_page_rank.csv,NCT03008811
Nonvalvular atrial fibrillation_page_rank.csv,NCT03062241
Nonvalvular atrial fibrillation_page_rank.csv,NCT01709682
Nonvalvular atrial fibrillation_page_rank.csv,NCT03753139
Nonvalvular atrial fibrillation_page_rank.csv,NCT00121472
Nonvalvular atrial fibrillation_page_rank.csv,NCT01095770
Nonvalvular atrial fibrillation_page_rank.csv,NCT02051621
Nonvalvular atrial fibrillation_page_rank.csv,NCT01061931
Nonvalvular atrial fibrillation_page_rank.csv,NCT02497248
Nonvalvular atrial fibrillation_page_rank.csv,NCT03005366
Nonvalvular atrial fibrillation_page_rank.csv,NCT01411371
Nonvalvular atrial fibrillation_page_rank.csv,NCT00121485
Nonvalvular atrial fibrillation_page_rank.csv,NCT01058980
Nonvalvular atrial fibrillation_page_rank.csv,NCT01563848
Nonvalvular atrial fibrillation_page_rank.csv,NCT02606890
Nonvalvular atrial fibrillation_page_rank.csv,NCT03272620
Nonvalvular atrial fibrillation_page_rank.csv,NCT03724383
Nonvalvular atrial fibrillation_page_rank.csv,NCT02533843
Nonvalvular atrial fibrillation_page_rank.csv,NCT04218604
Nonvalvular atrial fibrillation_page_rank.csv,NCT00438113
Nonvalvular atrial fibrillation_page_rank.csv,NCT00774566
Nonvalvular atrial fibrillation_page_rank.csv,NCT00098137
Nonvalvular atrial fibrillation_page_rank.csv,NCT03088072
Nonvalvular atrial fibrillation_page_rank.csv,NCT01090362
Nonvalvular atrial fibrillation_page_rank.csv,NCT02944019
Nonvalvular atrial fibrillation_page_rank.csv,NCT01794416
Nonvalvular atrial fibrillation_page_rank.csv,NCT02414035
Nonvalvular atrial fibrillation_page_rank.csv,NCT00000560
Nonvalvular atrial fibrillation_page_rank.csv,NCT01573143
Nonvalvular atrial fibrillation_page_rank.csv,NCT04218786
Nonvalvular atrial fibrillation_page_rank.csv,NCT01362738
Nonvalvular atrial fibrillation_page_rank.csv,NCT01360008
Nonvalvular atrial fibrillation_page_rank.csv,NCT00315133
Nonvalvular atrial fibrillation_page_rank.csv,NCT00062803
Nonvalvular atrial fibrillation_page_rank.csv,NCT04055285
Nonvalvular atrial fibrillation_page_rank.csv,NCT00791648
Nonvalvular atrial fibrillation_page_rank.csv,NCT00292552
Nonvalvular atrial fibrillation_page_rank.csv,NCT03737838
Nonvalvular atrial fibrillation_page_rank.csv,NCT01266694
Nonvalvular atrial fibrillation_page_rank.csv,NCT01247545
out of hospital cardiac arrest_page_rank.csv,NCT01009606
out of hospital cardiac arrest_page_rank.csv,NCT01969149
out of hospital cardiac arrest_page_rank.csv,NCT02419573
out of hospital cardiac arrest_page_rank.csv,NCT00449969
out of hospital cardiac arrest_page_rank.csv,NCT00491036
out of hospital cardiac arrest_page_rank.csv,NCT02408939
out of hospital cardiac arrest_page_rank.csv,NCT01514656
out of hospital cardiac arrest_page_rank.csv,NCT02785224
out of hospital cardiac arrest_page_rank.csv,NCT01839084
out of hospital cardiac arrest_page_rank.csv,NCT03176186
out of hospital cardiac arrest_page_rank.csv,NCT00379522
out of hospital cardiac arrest_page_rank.csv,NCT00394706
out of hospital cardiac arrest_page_rank.csv,NCT01505231
out of hospital cardiac arrest_page_rank.csv,NCT01689077
Outcomes of cerebrovascular accident_page_rank.csv,NCT00535197
Outcomes of cerebrovascular accident_page_rank.csv,NCT02586415
Outcomes of cerebrovascular accident_page_rank.csv,NCT00868283
Outcomes of cerebrovascular accident_page_rank.csv,NCT01019733
Outcomes of cerebrovascular accident_page_rank.csv,NCT02106351
Outcomes of cerebrovascular accident_page_rank.csv,NCT04088578
Outcomes of cerebrovascular accident_page_rank.csv,NCT02334969
Outcomes of cerebrovascular accident_page_rank.csv,NCT03678363
Outcomes of cerebrovascular accident_page_rank.csv,NCT02735148
Outcomes of cerebrovascular accident_page_rank.csv,NCT00738179
Outcomes of cerebrovascular accident_page_rank.csv,NCT03228264
Outcomes of cerebrovascular accident_page_rank.csv,NCT04047134
Outcomes of cerebrovascular accident_page_rank.csv,NCT04048291
Outcomes of cerebrovascular accident_page_rank.csv,NCT00170703
Outcomes of cerebrovascular accident_page_rank.csv,NCT01709045
Outcomes of cerebrovascular accident_page_rank.csv,NCT02909920
Outcomes of cerebrovascular accident_page_rank.csv,NCT02136433
Outcomes of cerebrovascular accident_page_rank.csv,NCT01467206
Outcomes of cerebrovascular accident_page_rank.csv,NCT02554487
Outcomes of cerebrovascular accident_page_rank.csv,NCT02729649
Outcomes of cerebrovascular accident_page_rank.csv,NCT00005277
Outcomes of cerebrovascular accident_page_rank.csv,NCT00201968
Outcomes of cerebrovascular accident_page_rank.csv,NCT02149875
Outcomes of cerebrovascular accident_page_rank.csv,NCT00715052
Outcomes of cerebrovascular accident_page_rank.csv,NCT01812993
Outcomes of cerebrovascular accident_page_rank.csv,NCT02388061
Outcomes of cerebrovascular accident_page_rank.csv,NCT04000997
Outcomes of cerebrovascular accident_page_rank.csv,NCT00462449
Outcomes of cerebrovascular accident_page_rank.csv,NCT01657461
Outcomes of cerebrovascular accident_page_rank.csv,NCT03390192
Outcomes of cerebrovascular accident_page_rank.csv,NCT00761982
Outcomes of cerebrovascular accident_page_rank.csv,NCT00119717
Outcomes of cerebrovascular accident_page_rank.csv,NCT01994161
Outcomes of cerebrovascular accident_page_rank.csv,NCT02251665
Outcomes of cerebrovascular accident_page_rank.csv,NCT01023646
Outcomes of cerebrovascular accident_page_rank.csv,NCT00604630
Outcomes of cerebrovascular accident_page_rank.csv,NCT01677208
Outcomes of cerebrovascular accident_page_rank.csv,NCT02804412
Outcomes of cerebrovascular accident_page_rank.csv,NCT01984034
Outcomes of cerebrovascular accident_page_rank.csv,NCT01208025
Outcomes of cerebrovascular accident_page_rank.csv,NCT00235495
Outcomes of cerebrovascular accident_page_rank.csv,NCT03376269
Outcomes of cerebrovascular accident_page_rank.csv,NCT01827683
Outcomes of cerebrovascular accident_page_rank.csv,NCT02454803
Outcomes of cerebrovascular accident_page_rank.csv,NCT01282242
Outcomes of cerebrovascular accident_page_rank.csv,NCT01249404
Outcomes of cerebrovascular accident_page_rank.csv,NCT03011762
Outcomes of cerebrovascular accident_page_rank.csv,NCT02869009
Outcomes of cerebrovascular accident_page_rank.csv,NCT01081275
Outcomes of cerebrovascular accident_page_rank.csv,NCT01570231
Outcomes of cerebrovascular accident_page_rank.csv,NCT03931616
Outcomes of cerebrovascular accident_page_rank.csv,NCT00153101
Outcomes of cerebrovascular accident_page_rank.csv,NCT01396746
Outcomes of cerebrovascular accident_page_rank.csv,NCT01759797
Outcomes of cerebrovascular accident_page_rank.csv,NCT03027453
Outcomes of cerebrovascular accident_page_rank.csv,NCT01087918
Outcomes of cerebrovascular accident_page_rank.csv,NCT02516878
Outcomes of cerebrovascular accident_page_rank.csv,NCT00390962
Outcomes of cerebrovascular accident_page_rank.csv,NCT03448159
Outcomes of cerebrovascular accident_page_rank.csv,NCT00076492
Outcomes of cerebrovascular accident_page_rank.csv,NCT03048708
Outcomes of cerebrovascular accident_page_rank.csv,NCT02675972
Outcomes of cerebrovascular accident_page_rank.csv,NCT04189497
Outcomes of cerebrovascular accident_page_rank.csv,NCT00153036
Outcomes of cerebrovascular accident_page_rank.csv,NCT00171821
Outcomes of cerebrovascular accident_page_rank.csv,NCT01280123
Outcomes of cerebrovascular accident_page_rank.csv,NCT00741286
Outcomes of cerebrovascular accident_page_rank.csv,NCT03005457
Outcomes of cerebrovascular accident_page_rank.csv,NCT02942875
Outcomes of cerebrovascular accident_page_rank.csv,NCT00794885
Outcomes of cerebrovascular accident_page_rank.csv,NCT01261390
Outcomes of cerebrovascular accident_page_rank.csv,NCT01771640
Outcomes of cerebrovascular accident_page_rank.csv,NCT01706146
Outcomes of cerebrovascular accident_page_rank.csv,NCT00237692
Outcomes of cerebrovascular accident_page_rank.csv,NCT03137836
Outcomes of cerebrovascular accident_page_rank.csv,NCT02644161
Outcomes of cerebrovascular accident_page_rank.csv,NCT03468049
Outcomes of cerebrovascular accident_page_rank.csv,NCT02212119
Outcomes of cerebrovascular accident_page_rank.csv,NCT03986320
Outcomes of cerebrovascular accident_page_rank.csv,NCT00221117
Outcomes of cerebrovascular accident_page_rank.csv,NCT01251367
Outcomes of cerebrovascular accident_page_rank.csv,NCT01464788
Outcomes of cerebrovascular accident_page_rank.csv,NCT03395717
Outcomes of cerebrovascular accident_page_rank.csv,NCT01732822
Outcomes of cerebrovascular accident_page_rank.csv,NCT03458169
Outcomes of cerebrovascular accident_page_rank.csv,NCT01966250
Outcomes of cerebrovascular accident_page_rank.csv,NCT03453983
Outcomes of cerebrovascular accident_page_rank.csv,NCT02117089
Outcomes of cerebrovascular accident_page_rank.csv,NCT02465034
Outcomes of cerebrovascular accident_page_rank.csv,NCT02869386
Outcomes of cerebrovascular accident_page_rank.csv,NCT00874601
Outcomes of cerebrovascular accident_page_rank.csv,NCT01668407
Outcomes of cerebrovascular accident_page_rank.csv,NCT03193580
Outcomes of cerebrovascular accident_page_rank.csv,NCT02511249
Outcomes of cerebrovascular accident_page_rank.csv,NCT03389165
Outcomes of cerebrovascular accident_page_rank.csv,NCT01492725
Outcomes of cerebrovascular accident_page_rank.csv,NCT02606890
Outcomes of cerebrovascular accident_page_rank.csv,NCT02354040
Outcomes of cerebrovascular accident_page_rank.csv,NCT02878746
Outcomes of cerebrovascular accident_page_rank.csv,NCT01413321
Outcomes of cerebrovascular accident_page_rank.csv,NCT02465346
Outcomes of cerebrovascular accident_page_rank.csv,NCT01949948
Outcomes of cerebrovascular accident_page_rank.csv,NCT01126775
Outcomes of cerebrovascular accident_page_rank.csv,NCT00753532
Outcomes of cerebrovascular accident_page_rank.csv,NCT01968122
Outcomes of cerebrovascular accident_page_rank.csv,NCT01090362
Outcomes of cerebrovascular accident_page_rank.csv,NCT00860366
Outcomes of cerebrovascular accident_page_rank.csv,NCT00391872
Outcomes of cerebrovascular accident_page_rank.csv,NCT00591084
Outcomes of cerebrovascular accident_page_rank.csv,NCT03641651
Outcomes of cerebrovascular accident_page_rank.csv,NCT01840072
Outcomes of cerebrovascular accident_page_rank.csv,NCT01763320
Outcomes of cerebrovascular accident_page_rank.csv,NCT03036020
Outcomes of cerebrovascular accident_page_rank.csv,NCT03781609
Outcomes of cerebrovascular accident_page_rank.csv,NCT00837798
Outcomes of cerebrovascular accident_page_rank.csv,NCT03481777
Outcomes of cerebrovascular accident_page_rank.csv,NCT00967876
Outcomes of cerebrovascular accident_page_rank.csv,NCT01028742
Outcomes of cerebrovascular accident_page_rank.csv,NCT04118998
Outcomes of cerebrovascular accident_page_rank.csv,NCT03392493
Outcomes of cerebrovascular accident_page_rank.csv,NCT01916369
Outcomes of cerebrovascular accident_page_rank.csv,NCT04137809
Outcomes of cerebrovascular accident_page_rank.csv,NCT02871700
Outcomes of cerebrovascular accident_page_rank.csv,NCT04088565
Outcomes of cerebrovascular accident_page_rank.csv,NCT00226096
Outcomes of cerebrovascular accident_page_rank.csv,NCT03592745
Outcomes of cerebrovascular accident_page_rank.csv,NCT00605163
Outcomes of cerebrovascular accident_page_rank.csv,NCT01237860
Outcomes of cerebrovascular accident_page_rank.csv,NCT03588572
Outcomes of cerebrovascular accident_page_rank.csv,NCT01778335
Outcomes of cerebrovascular accident_page_rank.csv,NCT01141166
Outcomes of cerebrovascular accident_page_rank.csv,NCT00151177
Outcomes of cerebrovascular accident_page_rank.csv,NCT03876119
Outcomes of cerebrovascular accident_page_rank.csv,NCT03712033
Outcomes of cerebrovascular accident_page_rank.csv,NCT00780533
Outcomes of cerebrovascular accident_page_rank.csv,NCT01727648
Outcomes of cerebrovascular accident_page_rank.csv,NCT02556099
Outcomes of cerebrovascular accident_page_rank.csv,NCT03228979
Outcomes of cerebrovascular accident_page_rank.csv,NCT00604877
Outcomes of cerebrovascular accident_page_rank.csv,NCT00145119
Outcomes of cerebrovascular accident_page_rank.csv,NCT00130039
Outcomes of cerebrovascular accident_page_rank.csv,NCT02725853
Outcomes of cerebrovascular accident_page_rank.csv,NCT00716079
Outcomes of cerebrovascular accident_page_rank.csv,NCT01828567
Outcomes of cerebrovascular accident_page_rank.csv,NCT02077582
postoperative delirium_pageRank.csv,NCT00561678
postoperative delirium_pageRank.csv,NCT02084524
postoperative delirium_pageRank.csv,NCT02345902
postoperative delirium_pageRank.csv,NCT02899156
postoperative delirium_pageRank.csv,NCT04081090
postoperative delirium_pageRank.csv,NCT01616914
postoperative delirium_pageRank.csv,NCT03705728
postoperative delirium_pageRank.csv,NCT03451227
recommended antiplatelet doses for treating Coronary artery disease_page_rank_103.csv,NCT03092089
recommended antiplatelet doses for treating Coronary artery disease_page_rank_103.csv,NCT01046942
recommended antiplatelet doses for treating Coronary artery disease_page_rank_103.csv,NCT00979199
recommended antiplatelet doses for treating Coronary artery disease_page_rank_103.csv,NCT00669695
recommended antiplatelet doses for treating Coronary artery disease_page_rank_103.csv,NCT01305785
recommended antiplatelet doses for treating Coronary artery disease_page_rank_103.csv,NCT02580851
recommended antiplatelet doses for treating Coronary artery disease_page_rank_103.csv,NCT00731302
recommended antiplatelet doses for treating Coronary artery disease_page_rank_103.csv,NCT00042081
recommended antiplatelet doses for treating Coronary artery disease_page_rank_103.csv,NCT02623517
recommended antiplatelet doses for treating Coronary artery disease_page_rank_103.csv,NCT00429884
recommended antiplatelet doses for treating Coronary artery disease_page_rank_103.csv,NCT00763893
recommended antiplatelet doses for treating Coronary artery disease_page_rank_103.csv,NCT01604655
recommended antiplatelet doses for treating Coronary artery disease_page_rank_103.csv,NCT01656850
recommended antiplatelet doses for treating Coronary artery disease_page_rank_103.csv,NCT03181997
recommended antiplatelet doses for treating Coronary artery disease_page_rank_103.csv,NCT03696940
recommended antiplatelet doses for treating Coronary artery disease_page_rank_103.csv,NCT01515657
recommended antiplatelet doses for treating Coronary artery disease_page_rank_103.csv,NCT02392767
recommended antiplatelet doses for treating Coronary artery disease_page_rank_103.csv,NCT03031821
recommended antiplatelet doses for treating Coronary artery disease_page_rank_103.csv,NCT00596479
recommended antiplatelet doses for treating Coronary artery disease_page_rank_103.csv,NCT00526474
recommended antiplatelet doses for treating Coronary artery disease_page_rank_103.csv,NCT02016170
recommended antiplatelet doses for treating Coronary artery disease_page_rank_103.csv,NCT00533039
recommended antiplatelet doses for treating Coronary artery disease_page_rank_103.csv,NCT01196819
recommended antiplatelet doses for treating Coronary artery disease_page_rank_103.csv,NCT02627391
recommended antiplatelet doses for treating Coronary artery disease_page_rank_103.csv,NCT03976921
recommended antiplatelet doses for treating Coronary artery disease_page_rank_103.csv,NCT00694109
recommended antiplatelet doses for treating Coronary artery disease_page_rank_103.csv,NCT00699998
recommended antiplatelet doses for treating Coronary artery disease_page_rank_103.csv,NCT03004859
recommended antiplatelet doses for treating Coronary artery disease_page_rank_103.csv,NCT02052037
recommended antiplatelet doses for treating Coronary artery disease_page_rank_103.csv,NCT01067820
recommended antiplatelet doses for treating Coronary artery disease_page_rank_103.csv,NCT00658515
recommended antiplatelet doses for treating Coronary artery disease_page_rank_103.csv,NCT01106196
recommended antiplatelet doses for treating Coronary artery disease_page_rank_103.csv,NCT03084510
recommended antiplatelet doses for treating Coronary artery disease_page_rank_103.csv,NCT01174550
recommended antiplatelet doses for treating Coronary artery disease_page_rank_103.csv,NCT03167307
recommended antiplatelet doses for treating Coronary artery disease_page_rank_103.csv,NCT03050346
recommended antiplatelet doses for treating Coronary artery disease_page_rank_103.csv,NCT02026713
recommended antiplatelet doses for treating Coronary artery disease_page_rank_103.csv,NCT02063477
recommended antiplatelet doses for treating Coronary artery disease_page_rank_103.csv,NCT00335452
recommended antiplatelet doses for treating Coronary artery disease_page_rank_103.csv,NCT02426944
recommended antiplatelet doses for treating Coronary artery disease_page_rank_103.csv,NCT01159639
recommended antiplatelet doses for treating Coronary artery disease_page_rank_103.csv,NCT00607373
recommended antiplatelet doses for treating Coronary artery disease_page_rank_103.csv,NCT00685984
recommended antiplatelet doses for treating Coronary artery disease_page_rank_103.csv,NCT03200574
recommended antiplatelet doses for treating Coronary artery disease_page_rank_103.csv,NCT01538446
recommended antiplatelet doses for treating Coronary artery disease_page_rank_103.csv,NCT01057563
recommended antiplatelet doses for treating Coronary artery disease_page_rank_103.csv,NCT00542503
recommended antiplatelet doses for treating Coronary artery disease_page_rank_103.csv,NCT01790854
recommended antiplatelet doses for treating Coronary artery disease_page_rank_103.csv,NCT01964001
recommended antiplatelet doses for treating Coronary artery disease_page_rank_103.csv,NCT02001532
recommended antiplatelet doses for treating Coronary artery disease_page_rank_103.csv,NCT02597127
recommended antiplatelet doses for treating Coronary artery disease_page_rank_103.csv,NCT00059306
recommended antiplatelet doses for treating Coronary artery disease_page_rank_103.csv,NCT00121966
recommended antiplatelet doses for treating Coronary artery disease_page_rank_103.csv,NCT02073422
recommended antiplatelet doses for treating Coronary artery disease_page_rank_103.csv,NCT00794664
recommended antiplatelet doses for treating Coronary artery disease_page_rank_103.csv,NCT01423188
recommended antiplatelet doses for treating Coronary artery disease_page_rank_103.csv,NCT01777503
recommended antiplatelet doses for treating Coronary artery disease_page_rank_103.csv,NCT03387605
recommended antiplatelet doses for treating Coronary artery disease_page_rank_103.csv,NCT01932450
recommended antiplatelet doses for treating Coronary artery disease_page_rank_103.csv,NCT00799396
recommended antiplatelet doses for treating Coronary artery disease_page_rank_103.csv,NCT03458806
recommended antiplatelet doses for treating Coronary artery disease_page_rank_103.csv,NCT01699048
recommended antiplatelet doses for treating Coronary artery disease_page_rank_103.csv,NCT00544752
recommended antiplatelet doses for treating Coronary artery disease_page_rank_103.csv,NCT00133718
recommended antiplatelet doses for treating Coronary artery disease_page_rank_103.csv,NCT01806077
recommended antiplatelet doses for treating Coronary artery disease_page_rank_103.csv,NCT01882881
recommended antiplatelet doses for treating Coronary artery disease_page_rank_103.csv,NCT00743925
recommended antiplatelet doses for treating Coronary artery disease_page_rank_103.csv,NCT01468974
recommended antiplatelet doses for treating Coronary artery disease_page_rank_103.csv,NCT01977859
recommended antiplatelet doses for treating Coronary artery disease_page_rank_103.csv,NCT03226262
recommended antiplatelet doses for treating Coronary artery disease_page_rank_103.csv,NCT01677156
recommended antiplatelet doses for treating Coronary artery disease_page_rank_103.csv,NCT04200469
recommended antiplatelet doses for treating Coronary artery disease_page_rank_103.csv,NCT03729739
safe treatment for Alzheimer disease_page_rank.csv,NCT00818662
safe treatment for Alzheimer disease_page_rank.csv,NCT00099710
safe treatment for Alzheimer disease_page_rank.csv,NCT01527916
safe treatment for Alzheimer disease_page_rank.csv,NCT00708552
safe treatment for Alzheimer disease_page_rank.csv,NCT00620659
safe treatment for Alzheimer disease_page_rank.csv,NCT03401619
safe treatment for Alzheimer disease_page_rank.csv,NCT01117181
safe treatment for Alzheimer disease_page_rank.csv,NCT00478205
safe treatment for Alzheimer disease_page_rank.csv,NCT03978338
safe treatment for Alzheimer disease_page_rank.csv,NCT02061878
safe treatment for Alzheimer disease_page_rank.csv,NCT01549834
safe treatments for asthma_pageRank.csv,NCT02559791
safe treatments for asthma_pageRank.csv,NCT00667992
safe treatments for asthma_pageRank.csv,NCT01216579
safe treatments for asthma_pageRank.csv,NCT03239431
safe treatments for asthma_pageRank.csv,NCT00817817
safe treatments for asthma_pageRank.csv,NCT02105961
safe treatments for asthma_pageRank.csv,NCT00995657
safe treatments for asthma_pageRank.csv,NCT01691508
safe treatments for asthma_pageRank.csv,NCT01185080
safe treatments for asthma_pageRank.csv,NCT03470311
safe treatments for asthma_pageRank.csv,NCT02414854
safe treatments for asthma_pageRank.csv,NCT01607372
safe treatments for asthma_pageRank.csv,NCT00849095
safe treatments for asthma_pageRank.csv,NCT00707811
safe treatments for asthma_pageRank.csv,NCT03086460
safe treatments for asthma_pageRank.csv,NCT03137199
safe treatments for asthma_pageRank.csv,NCT01007721
safe treatments for asthma_pageRank.csv,NCT01830673
safe treatments for asthma_pageRank.csv,NCT01729247
safe treatments for asthma_pageRank.csv,NCT01424553
safe treatments for asthma_pageRank.csv,NCT01946035
safe treatments for asthma_pageRank.csv,NCT01480271
safe treatments for asthma_pageRank.csv,NCT00968669
safe treatments for asthma_pageRank.csv,NCT01462344
safe treatments for asthma_pageRank.csv,NCT02528214
safe treatments for asthma_pageRank.csv,NCT01444430
safe treatments for asthma_pageRank.csv,NCT01795742
safe treatments for asthma_pageRank.csv,NCT02105948
safe treatments for asthma_pageRank.csv,NCT01563029
safe treatments for asthma_pageRank.csv,NCT00837967
safe treatments for asthma_pageRank.csv,NCT01013753
safe treatments for asthma_pageRank.csv,NCT01573767
safe treatments for asthma_pageRank.csv,NCT00393991
safe treatments for asthma_pageRank.csv,NCT01928771
safe treatments for asthma_pageRank.csv,NCT00770003
safe treatments for asthma_pageRank.csv,NCT01551147
serious Rheumatoid arthritis_pageRank.csv,NCT00663702
serious Rheumatoid arthritis_pageRank.csv,NCT00848354
serious Rheumatoid arthritis_pageRank.csv,NCT01261767
serious Rheumatoid arthritis_pageRank.csv,NCT02861586
serious Rheumatoid arthritis_pageRank.csv,NCT01709578
serious Rheumatoid arthritis_pageRank.csv,NCT00720798
serious Rheumatoid arthritis_pageRank.csv,NCT01083563
serious Rheumatoid arthritis_pageRank.csv,NCT00349349
serious Rheumatoid arthritis_pageRank.csv,NCT01120366
serious Rheumatoid arthritis_pageRank.csv,NCT00236028
serious Rheumatoid arthritis_pageRank.csv,NCT00942188
serious Rheumatoid arthritis_pageRank.csv,NCT00092703
serious Rheumatoid arthritis_pageRank.csv,NCT00976118
serious Rheumatoid arthritis_pageRank.csv,NCT00392587
serious Rheumatoid arthritis_pageRank.csv,NCT02278289
serious Rheumatoid arthritis_pageRank.csv,NCT00811733
serious Rheumatoid arthritis_pageRank.csv,NCT02639988
serious Rheumatoid arthritis_pageRank.csv,NCT00534651
serious Rheumatoid arthritis_pageRank.csv,NCT01552681
serious Rheumatoid arthritis_pageRank.csv,NCT01966549
serious Rheumatoid arthritis_pageRank.csv,NCT01274182
serious Rheumatoid arthritis_pageRank.csv,NCT00410163
serious Rheumatoid arthritis_pageRank.csv,NCT01556438
serious Rheumatoid arthritis_pageRank.csv,NCT00195650
serious Rheumatoid arthritis_pageRank.csv,NCT01505114
serious Rheumatoid arthritis_pageRank.csv,NCT01774877
serious Rheumatoid arthritis_pageRank.csv,NCT00803257
serious Rheumatoid arthritis_pageRank.csv,NCT01451203
serious Rheumatoid arthritis_pageRank.csv,NCT01200290
serious Rheumatoid arthritis_pageRank.csv,NCT00929864
serious Rheumatoid arthritis_pageRank.csv,NCT00122382
serious Rheumatoid arthritis_pageRank.csv,NCT02795299
serious Rheumatoid arthritis_pageRank.csv,NCT02054247
serious Rheumatoid arthritis_pageRank.csv,NCT01617421
serious Rheumatoid arthritis_pageRank.csv,NCT01873443
serious Rheumatoid arthritis_pageRank.csv,NCT00565500
serious Rheumatoid arthritis_pageRank.csv,NCT00167843
serious Rheumatoid arthritis_pageRank.csv,NCT00962832
serious Rheumatoid arthritis_pageRank.csv,NCT02109666
serious Rheumatoid arthritis_pageRank.csv,NCT03635086
serious Rheumatoid arthritis_pageRank.csv,NCT00465985
serious Rheumatoid arthritis_pageRank.csv,NCT01142726
serious Rheumatoid arthritis_pageRank.csv,NCT00656890
serious Rheumatoid arthritis_pageRank.csv,NCT02436785
serious Rheumatoid arthritis_pageRank.csv,NCT00770601
serious Rheumatoid arthritis_pageRank.csv,NCT00159835
serious Rheumatoid arthritis_pageRank.csv,NCT01959282
serious Rheumatoid arthritis_pageRank.csv,NCT00854321
serious Rheumatoid arthritis_pageRank.csv,NCT03010683
serious Rheumatoid arthritis_pageRank.csv,NCT02874287
serious Rheumatoid arthritis_pageRank.csv,NCT01174056
serious Rheumatoid arthritis_pageRank.csv,NCT00093314
serious Rheumatoid arthritis_pageRank.csv,NCT01770106
serious Rheumatoid arthritis_pageRank.csv,NCT00913458
serious Rheumatoid arthritis_pageRank.csv,NCT01060098
serious Rheumatoid arthritis_pageRank.csv,NCT00900146
serious Rheumatoid arthritis_pageRank.csv,NCT00714116
serious Rheumatoid arthritis_pageRank.csv,NCT00365976
serious Rheumatoid arthritis_pageRank.csv,NCT01034137
serious Rheumatoid arthritis_pageRank.csv,NCT00559585
serious Rheumatoid arthritis_pageRank.csv,NCT01504698
serious Rheumatoid arthritis_pageRank.csv,NCT00988780
serious Rheumatoid arthritis_pageRank.csv,NCT02155894
serious Rheumatoid arthritis_pageRank.csv,NCT01448850
serious Rheumatoid arthritis_pageRank.csv,NCT01972568
serious Rheumatoid arthritis_pageRank.csv,NCT03396315
serious Rheumatoid arthritis_pageRank.csv,NCT01583244
serious Rheumatoid arthritis_pageRank.csv,NCT00660647
serious Rheumatoid arthritis_pageRank.csv,NCT02013700
serious Rheumatoid arthritis_pageRank.csv,NCT00798369
serious Rheumatoid arthritis_pageRank.csv,NCT01768572
serious Rheumatoid arthritis_pageRank.csv,NCT00327691
serious Rheumatoid arthritis_pageRank.csv,NCT00092274
serious Rheumatoid arthritis_pageRank.csv,NCT03345212
serious sleep apnea_page_rank.csv,NCT01482351
serious sleep apnea_page_rank.csv,NCT00358267
serious sleep apnea_page_rank.csv,NCT02833662
serious sleep apnea_page_rank.csv,NCT01820156
serious sleep apnea_page_rank.csv,NCT00873977
serious sleep apnea_page_rank.csv,NCT02850913
serious sleep apnea_page_rank.csv,NCT02507089
serious sleep apnea_page_rank.csv,NCT02085720
serious sleep apnea_page_rank.csv,NCT02842255
serious sleep apnea_page_rank.csv,NCT00607100
serious sleep apnea_page_rank.csv,NCT03857802
serious sleep apnea_page_rank.csv,NCT02050425
serious sleep apnea_page_rank.csv,NCT01136785
serious sleep apnea_page_rank.csv,NCT01369576
serious sleep apnea_page_rank.csv,NCT00221897
serious sleep apnea_page_rank.csv,NCT00738179
serious sleep apnea_page_rank.csv,NCT01891656
serious sleep apnea_page_rank.csv,NCT02766660
serious sleep apnea_page_rank.csv,NCT02824263
serious sleep apnea_page_rank.csv,NCT00714740
serious sleep apnea_page_rank.csv,NCT01715194
serious sleep apnea_page_rank.csv,NCT03011762
serious sleep apnea_page_rank.csv,NCT00089752
serious sleep apnea_page_rank.csv,NCT01199042
serious sleep apnea_page_rank.csv,NCT00696111
serious sleep apnea_page_rank.csv,NCT02047071
serious sleep apnea_page_rank.csv,NCT00599534
serious sleep apnea_page_rank.csv,NCT01130948
serious sleep apnea_page_rank.csv,NCT00274430
serious sleep apnea_page_rank.csv,NCT00051363
serious sleep apnea_page_rank.csv,NCT00560859
serious sleep apnea_page_rank.csv,NCT02188589
serious sleep apnea_page_rank.csv,NCT00834509
serious sleep apnea_page_rank.csv,NCT01541839
serious sleep apnea_page_rank.csv,NCT00832065
serious sleep apnea_page_rank.csv,NCT02058823
serious sleep apnea_page_rank.csv,NCT02554487
serious sleep apnea_page_rank.csv,NCT01011647
serious sleep apnea_page_rank.csv,NCT00151177
serious sleep apnea_page_rank.csv,NCT01508754
serious sleep apnea_page_rank.csv,NCT01659671
serious sleep apnea_page_rank.csv,NCT01752556
serious sleep apnea_page_rank.csv,NCT01029561
serious sleep apnea_page_rank.csv,NCT01755091
serious sleep apnea_page_rank.csv,NCT04206449
serious sleep apnea_page_rank.csv,NCT02245659
serious sleep apnea_page_rank.csv,NCT02264353
serious sleep apnea_page_rank.csv,NCT01332175
"Treating Anemia, Iron-Deficiency in CKD patients_page_rank_15.csv",NCT01542879
treating people already having hypertension_page_rank.csv,NCT01496235
treating people already having hypertension_page_rank.csv,NCT02976376
treating people already having hypertension_page_rank.csv,NCT02272283
treating people already having hypertension_page_rank.csv,NCT01167153
treating people already having hypertension_page_rank.csv,NCT01276951
treating people already having hypertension_page_rank.csv,NCT01106677
treating people already having hypertension_page_rank.csv,NCT01746485
treating people already having hypertension_page_rank.csv,NCT00151814
treating people already having hypertension_page_rank.csv,NCT03764020
treating people already having hypertension_page_rank.csv,NCT03276598
treating people already having hypertension_page_rank.csv,NCT03588520
treating people already having hypertension_page_rank.csv,NCT01839110
treating people already having hypertension_page_rank.csv,NCT00406614
treating people already having hypertension_page_rank.csv,NCT00607893
treating people already having hypertension_page_rank.csv,NCT00330980
treating people already having hypertension_page_rank.csv,NCT00924105
treating people already having hypertension_page_rank.csv,NCT01743001
treating people already having hypertension_page_rank.csv,NCT00758524
treating people already having hypertension_page_rank.csv,NCT01154478
treating people already having hypertension_page_rank.csv,NCT00881985
treating people already having hypertension_page_rank.csv,NCT00313196
treating people already having hypertension_page_rank.csv,NCT01277094
treating people already having hypertension_page_rank.csv,NCT00810732
treating people already having hypertension_page_rank.csv,NCT02072876
treating people already having hypertension_page_rank.csv,NCT01030003
treating people already having hypertension_page_rank.csv,NCT00654862
treating people already having hypertension_page_rank.csv,NCT02554487
treating people already having hypertension_page_rank.csv,NCT02519699
treating people already having hypertension_page_rank.csv,NCT00089895
treating people already having hypertension_page_rank.csv,NCT00734630
treating people already having hypertension_page_rank.csv,NCT00469027
treating people already having hypertension_page_rank.csv,NCT02283047
treating people already having hypertension_page_rank.csv,NCT03219398
treating people already having hypertension_page_rank.csv,NCT01081834
treating people already having hypertension_page_rank.csv,NCT00388622
treating people already having hypertension_page_rank.csv,NCT00371293
treating people already having hypertension_page_rank.csv,NCT00843102
treating people already having hypertension_page_rank.csv,NCT00801034
treating people already having hypertension_page_rank.csv,NCT00887588
treating people already having hypertension_page_rank.csv,NCT02705807
treating people already having hypertension_page_rank.csv,NCT02624180
treating people already having hypertension_page_rank.csv,NCT00696384
treating people already having hypertension_page_rank.csv,NCT00720525
treating people already having hypertension_page_rank.csv,NCT01588795
treating people already having hypertension_page_rank.csv,NCT00591773
treating people already having hypertension_page_rank.csv,NCT01390727
treating people already having hypertension_page_rank.csv,NCT01178060
treating people already having hypertension_page_rank.csv,NCT00567957
treating people already having hypertension_page_rank.csv,NCT03345524
treating people already having hypertension_page_rank.csv,NCT02651272
treating people already having hypertension_page_rank.csv,NCT02512276
treating people already having hypertension_page_rank.csv,NCT00244621
treating people already having hypertension_page_rank.csv,NCT00360087
treating people already having hypertension_page_rank.csv,NCT02083757
treating people already having hypertension_page_rank.csv,NCT00219102
treating people already having hypertension_page_rank.csv,NCT01875094
treating people already having hypertension_page_rank.csv,NCT02734472
treating people already having hypertension_page_rank.csv,NCT02466490
treating people already having hypertension_page_rank.csv,NCT00389220
treating people already having hypertension_page_rank.csv,NCT03267667
treating people already having hypertension_page_rank.csv,NCT01507662
treating people already having hypertension_page_rank.csv,NCT01207089
treating people already having hypertension_page_rank.csv,NCT01206062
treating people already having hypertension_page_rank.csv,NCT02431793
treating people already having hypertension_page_rank.csv,NCT02040441
treating people already having hypertension_page_rank.csv,NCT03708484
treating people already having hypertension_page_rank.csv,NCT00201019
treating people already having hypertension_page_rank.csv,NCT00846365
treating people already having hypertension_page_rank.csv,NCT02201004
treating people already having hypertension_page_rank.csv,NCT02471963
treating people already having hypertension_page_rank.csv,NCT00717665
treating people already having hypertension_page_rank.csv,NCT02007629
treating people already having hypertension_page_rank.csv,NCT02290613
treating people already having hypertension_page_rank.csv,NCT03255551
treating people already having hypertension_page_rank.csv,NCT02099578
treating people already having hypertension_page_rank.csv,NCT02082704
treating people already having hypertension_page_rank.csv,NCT02767739
treating people already having hypertension_page_rank.csv,NCT00964847
treating people already having hypertension_page_rank.csv,NCT00000620
treating people already having hypertension_page_rank.csv,NCT00978926
treating people already having hypertension_page_rank.csv,NCT00000542
treating people already having hypertension_page_rank.csv,NCT04140240
treating people already having hypertension_page_rank.csv,NCT00089752
treating people already having hypertension_page_rank.csv,NCT01106625
treating people already having hypertension_page_rank.csv,NCT02321618
treating people already having hypertension_page_rank.csv,NCT02727543
treating people already having hypertension_page_rank.csv,NCT00935077
treating people already having hypertension_page_rank.csv,NCT01995383
treating people already having hypertension_page_rank.csv,NCT04049162
treating people already having hypertension_page_rank.csv,NCT00741585
treating people already having hypertension_page_rank.csv,NCT01975428
treating people already having hypertension_page_rank.csv,NCT00133692
treating people already having hypertension_page_rank.csv,NCT01442883
treating people already having hypertension_page_rank.csv,NCT00855465
treating people already having hypertension_page_rank.csv,NCT01459900
treating people already having hypertension_page_rank.csv,NCT00870493
treating people already having hypertension_page_rank.csv,NCT01162759
treating people already having hypertension_page_rank.csv,NCT00627861
treating people already having hypertension_page_rank.csv,NCT00476827
treating people already having hypertension_page_rank.csv,NCT00554619
treating people already having hypertension_page_rank.csv,NCT01113047
treating people already having hypertension_page_rank.csv,NCT01911897
treating people already having hypertension_page_rank.csv,NCT00924651
treating people already having hypertension_page_rank.csv,NCT02260557
treating people already having hypertension_page_rank.csv,NCT00922311
treating people already having hypertension_page_rank.csv,NCT02282033
treating people already having hypertension_page_rank.csv,NCT02480062
treating people already having hypertension_page_rank.csv,NCT01135212
treating people already having hypertension_page_rank.csv,NCT01637909
treating people already having hypertension_page_rank.csv,NCT03593746
treating people already having hypertension_page_rank.csv,NCT01734096
treating people already having hypertension_page_rank.csv,NCT02526732
treating people already having hypertension_page_rank.csv,NCT00700856
treating people already having hypertension_page_rank.csv,NCT02413398
treating people already having hypertension_page_rank.csv,NCT02268214
treating people already having hypertension_page_rank.csv,NCT01258673
treating people already having hypertension_page_rank.csv,NCT00638794
treating people already having hypertension_page_rank.csv,NCT00248872
treating people already having hypertension_page_rank.csv,NCT03872856
treating people already having hypertension_page_rank.csv,NCT00585637
treating people already having hypertension_page_rank.csv,NCT01980771
treating people already having hypertension_page_rank.csv,NCT00709137
treating people already having hypertension_page_rank.csv,NCT01587183
treating people already having hypertension_page_rank.csv,NCT02191111
treating people already having hypertension_page_rank.csv,NCT01730534
treating people already having hypertension_page_rank.csv,NCT01581515
treating people already having hypertension_page_rank.csv,NCT01051960
treating people already having hypertension_page_rank.csv,NCT01202032
treating people already having hypertension_page_rank.csv,NCT03847350
treating people already having hypertension_page_rank.csv,NCT02383238
treating people already having hypertension_page_rank.csv,NCT03775096
treating people already having hypertension_page_rank.csv,NCT02755831
treating people already having hypertension_page_rank.csv,NCT02371317
treating people already having hypertension_page_rank.csv,NCT01387035
treating people already having hypertension_page_rank.csv,NCT01326650
treating people already having hypertension_page_rank.csv,NCT02687178
treating people already having hypertension_page_rank.csv,NCT01623661
treating people already having hypertension_page_rank.csv,NCT01368614
treating people already having hypertension_page_rank.csv,NCT00716079
treating people already having hypertension_page_rank.csv,NCT00580528
treating people already having hypertension_page_rank.csv,NCT01106690
